,customer_id,churn_prediction,prediction_probability
816,1194-HVAIF,0,0.45233265720081134
1488,2194-IIQOF,0,0.011075949367088608
4796,6738-ISCBM,0,0.11009174311926606
3213,4609-KNNWG,0,0.011075949367088608
5026,7064-JHXCE,0,0.011075949367088608
3502,4958-GZWIY,0,0.25
1281,1904-WAJAA,0,0.011075949367088608
6961,9874-QLCLH,0,0.45233265720081134
883,1282-IHQAC,0,0.11009174311926606
4847,6834-NXDCA,0,0.25
494,0723-VSOBE,0,0.11009174311926606
970,1402-PTHGN,0,0.11009174311926606
4550,6416-JNVRK,0,0.11009174311926606
3971,5593-SUAOO,0,0.21153846153846154
1206,1775-KWJKQ,0,0.011075949367088608
556,0820-FNRNX,0,0.11009174311926606
4711,6635-MYYYZ,0,0.11009174311926606
199,0314-TKOSI,0,0.25
2485,3556-BVQGL,0,0.015228426395939087
1774,2592-SEIFQ,1,0.5517241379310345
2507,3584-WKTTW,0,0.21921921921921922
6399,9063-ZGTUY,0,0.015228426395939087
4869,6860-YRJZP,0,0.4657534246575342
1231,1821-BUCWY,0,0.011075949367088608
6883,9777-IQHWP,0,0.07111111111111111
1345,2001-MCUUW,0,0.45233265720081134
3969,5590-YRFJT,0,0.015228426395939087
2570,3675-EQOZA,0,0.05921052631578947
4395,6198-RTPMF,0,0.45233265720081134
923,1342-JPNKI,1,0.6914600550964187
6685,9500-LTVBP,0,0.45233265720081134
442,0650-BWOZN,0,0.45233265720081134
1612,2347-WKKAE,0,0.45233265720081134
1264,1866-ZSLJM,0,0.015228426395939087
4470,6303-KFWSL,0,0.11009174311926606
917,1335-HQMKX,0,0.21921921921921922
4998,7025-IWFHT,0,0.21153846153846154
4435,6253-GNHWH,0,0.011075949367088608
2604,3717-FDJFU,0,0.05921052631578947
3753,5288-AHOUP,1,0.6914600550964187
2531,3623-FQBOX,0,0.015228426395939087
3625,5136-KCKGI,0,0.21153846153846154
5994,8455-HIRAQ,0,0.25
5051,7103-ZGVNT,0,0.11009174311926606
6381,9046-DQMTP,0,0.015228426395939087
628,0924-BJCRC,0,0.21921921921921922
5003,7029-RPUAV,0,0.45233265720081134
6540,9283-LZQOH,1,0.6914600550964187
5956,8398-TBIYD,0,0.07111111111111111
5259,7409-JURKQ,0,0.21921921921921922
2803,3987-KQDDU,1,0.6914600550964187
2964,4234-XTNEA,1,0.6914600550964187
77,0125-LZQXK,1,0.6914600550964187
6434,9108-EQPNQ,0,0.25
4253,5995-OIGLP,0,0.25
1164,1709-EJDOX,0,0.011075949367088608
6765,9605-WGJVW,1,0.904
1923,2799-ARNLO,0,0.4657534246575342
4506,6352-GIGGQ,0,0.11009174311926606
5527,7781-HVGMK,0,0.011075949367088608
777,1133-KXCGE,0,0.015228426395939087
3223,4623-ZKHLY,0,0.015228426395939087
3588,5087-SUURX,0,0.11009174311926606
2284,3259-QMXUN,0,0.011075949367088608
132,0224-NIJLP,0,0.05921052631578947
2322,3319-DWOEP,1,0.6914600550964187
4153,5872-OEQNH,0,0.11009174311926606
3104,4450-YOOHP,0,0.11009174311926606
723,1066-JKSGK,0,0.27450980392156865
3794,5336-UFNZP,0,0.21921921921921922
1308,1941-HOSAM,1,0.904
1197,1763-WQFUK,1,0.5517241379310345
2873,4092-OFQZS,0,0.015228426395939087
1394,2061-VVFST,0,0.015228426395939087
1814,2649-HWLYB,0,0.011075949367088608
1305,1936-CZAKF,0,0.011075949367088608
1872,2718-YSKCS,0,0.011075949367088608
5567,7841-TZDMQ,1,0.5517241379310345
1648,2393-DIVAI,0,0.27450980392156865
4282,6032-IGALN,1,0.5517241379310345
371,0549-CYCQN,0,0.21921921921921922
4381,6175-IRFIT,1,0.6914600550964187
2877,4102-HLENU,0,0.011075949367088608
5998,8464-EETCQ,0,0.011075949367088608
6848,9730-DRTMJ,0,0.11009174311926606
3593,5092-STPKP,0,0.11009174311926606
3471,4918-QLLIW,1,0.5517241379310345
2966,4236-XPXAV,1,0.6914600550964187
712,1049-FYSYG,0,0.11009174311926606
5178,7279-NMVJC,0,0.015228426395939087
2623,3733-LSYCE,1,0.6914600550964187
5735,8069-YQQAJ,0,0.25
5125,7209-JCUDS,1,0.6914600550964187
1062,1550-LOAHA,0,0.45233265720081134
2479,3547-LQRIK,0,0.11009174311926606
1596,2324-AALNO,0,0.015228426395939087
4025,5673-TIYIB,1,0.5517241379310345
4659,6576-FBXOJ,0,0.11009174311926606
679,0999-QXNSA,0,0.25
4516,6366-XIVKZ,0,0.25
2796,3977-QCRSL,0,0.05921052631578947
5778,8129-GMVGI,0,0.011075949367088608
5797,8164-OCKUJ,0,0.011075949367088608
4149,5868-CZJDR,1,0.5517241379310345
733,1084-MNSMJ,0,0.011075949367088608
74,0121-SNYRK,0,0.11009174311926606
4918,6921-OZMFH,0,0.25
5390,7601-WFVZV,0,0.27450980392156865
5018,7054-ENNGU,0,0.25
4590,6476-EPYZR,0,0.05921052631578947
654,0958-YHXGP,0,0.4657534246575342
3951,5565-FILXA,0,0.45233265720081134
4751,6691-CCIHA,0,0.011075949367088608
6259,8859-AXJZP,0,0.011075949367088608
3475,4923-ADWXJ,0,0.11009174311926606
2379,3407-JMJQQ,0,0.07111111111111111
2878,4102-OQUPX,1,0.904
4477,6319-IEJWJ,0,0.45233265720081134
2678,3801-HMYNL,1,0.904
3861,5439-WIKXB,0,0.45233265720081134
6732,9560-BBZXK,0,0.011075949367088608
6445,9127-FHJBZ,0,0.07111111111111111
1715,2499-AJYUA,0,0.07111111111111111
5632,7938-OUHIO,1,0.6914600550964187
1159,1703-MGIAB,0,0.11009174311926606
3762,5298-GSTLM,0,0.21921921921921922
3396,4822-YCXMX,0,0.45233265720081134
6018,8510-AWCXC,1,0.6914600550964187
75,0122-OAHPZ,0,0.4657534246575342
865,1258-YMZNM,0,0.21153846153846154
2657,3776-EKTKM,1,0.5517241379310345
6802,9651-GTSAQ,0,0.21921921921921922
3362,4795-WRNVT,0,0.11009174311926606
6674,9490-DFPMD,0,0.45233265720081134
5007,7033-CLAMM,0,0.011075949367088608
7022,9964-WBQDJ,0,0.011075949367088608
2903,4135-FRWKJ,0,0.11009174311926606
4230,5968-VXZLG,1,0.5517241379310345
355,0520-FDVVT,0,0.21153846153846154
2165,3096-YXENJ,0,0.07111111111111111
6531,9274-CNFMO,1,0.6914600550964187
417,0618-XWMSS,0,0.45233265720081134
5217,7340-KEFQE,0,0.011075949367088608
5906,8314-DPQHL,0,0.25
5427,7639-LIAYI,0,0.011075949367088608
3603,5117-IFGPS,0,0.45233265720081134
3130,4488-KQFDT,0,0.21921921921921922
4788,6732-VAILE,0,0.011075949367088608
2537,3635-JBPSG,0,0.25
467,0682-USIXD,0,0.45233265720081134
4833,6810-VCAEX,0,0.11009174311926606
3816,5366-IJEQJ,0,0.45233265720081134
2168,3097-NNSPB,1,0.5517241379310345
3906,5495-GPSRW,0,0.011075949367088608
2218,3174-AKMAS,0,0.011075949367088608
851,1231-YNDEK,0,0.011075949367088608
312,0463-TXOAK,0,0.011075949367088608
2196,3146-JTQHR,0,0.05921052631578947
4614,6506-EYCNH,0,0.015228426395939087
5022,7055-VKGDA,0,0.21921921921921922
5842,8217-QYOHV,0,0.25
2136,3068-OMWZA,1,0.904
200,0315-LVCRK,1,0.6914600550964187
3700,5206-XZZQI,0,0.21921921921921922
2161,3096-GKWEB,0,0.45233265720081134
251,0378-NHQXU,0,0.45233265720081134
6011,8490-BXHEO,0,0.45233265720081134
3467,4912-PIGUY,1,0.904
7042,9995-HOTOH,0,0.011075949367088608
6056,8582-KRHPJ,0,0.11009174311926606
4359,6143-JQKEA,0,0.25
2834,4029-HPFVY,0,0.4657534246575342
3078,4404-HIBDJ,0,0.11009174311926606
2456,3519-ZKXGG,1,0.6914600550964187
5618,7916-VCCPB,0,0.45233265720081134
3113,4464-JCOLN,0,0.27450980392156865
1739,2530-FMFXO,0,0.07111111111111111
4820,6778-EICRF,0,0.11009174311926606
4736,6671-NGWON,0,0.05921052631578947
4076,5756-OZRIO,0,0.11009174311926606
5107,7176-WRTNX,0,0.07111111111111111
3264,4667-OHGKG,0,0.27450980392156865
1576,2294-SALNE,0,0.21153846153846154
32,0052-DCKON,0,0.21921921921921922
1677,2446-ZKVAF,0,0.11009174311926606
2749,3911-RSNHI,0,0.011075949367088608
1221,1810-BOHSY,0,0.21921921921921922
4539,6397-JNZZG,0,0.11009174311926606
2377,3402-XRIUO,0,0.11009174311926606
383,0567-GGCAC,0,0.25
4752,6692-UDPJC,1,0.6914600550964187
4444,6261-LHRTG,0,0.11009174311926606
1043,1518-OMDIK,0,0.11009174311926606
4786,6729-GDNGC,0,0.45233265720081134
3539,5018-HEKFO,0,0.25
3198,4583-PARNH,0,0.45233265720081134
995,1447-GIQMR,1,0.904
1407,2077-MPJQO,1,0.6914600550964187
2046,2952-QAYZF,1,0.6914600550964187
2378,3404-JNXAX,0,0.21921921921921922
3277,4683-WYDOU,0,0.07111111111111111
2930,4184-TJFAN,1,0.6914600550964187
1598,2325-NBPZG,1,0.6914600550964187
4738,6680-NENYN,0,0.45233265720081134
2799,3982-DQLUS,0,0.21921921921921922
194,0310-MVLET,0,0.21921921921921922
1294,1926-QUZNN,0,0.011075949367088608
981,1423-BMPBQ,0,0.27450980392156865
5769,8111-RKSPX,0,0.4657534246575342
3800,5345-BMKWB,0,0.05921052631578947
5377,7593-XFKDI,1,0.5517241379310345
6046,8565-HBFNN,0,0.21921921921921922
5793,8155-IBNHG,0,0.45233265720081134
2600,3714-XPXBW,0,0.11009174311926606
2349,3365-SAIGS,0,0.45233265720081134
4358,6142-VSJQO,1,0.5517241379310345
6298,8909-BOLNL,0,0.27450980392156865
6471,9163-GHAYE,0,0.25
4882,6877-LGWXO,0,0.45233265720081134
3885,5461-QKNTN,0,0.45233265720081134
3874,5447-VYTKW,0,0.11009174311926606
256,0380-ZCSBI,0,0.05921052631578947
5500,7743-EXURX,0,0.25
1268,1872-EBWSC,0,0.015228426395939087
4632,6537-OTKMY,0,0.25
5999,8465-SBRXP,0,0.45233265720081134
3119,4472-VESGY,0,0.21921921921921922
4113,5816-QVHRX,0,0.45233265720081134
4957,6980-CDGFC,0,0.015228426395939087
4457,6285-FTQBF,0,0.011075949367088608
2804,3988-RQIXO,1,0.904
3020,4322-RCYMT,0,0.11009174311926606
2045,2951-QOQTK,1,0.6914600550964187
3330,4742-TXUEX,0,0.011075949367088608
6661,9477-LGWQI,0,0.011075949367088608
7003,9938-PRCVK,0,0.011075949367088608
474,0691-IFBQW,0,0.21153846153846154
360,0530-IJVDB,0,0.07111111111111111
4463,6292-TOSSS,0,0.011075949367088608
20,0023-UYUPN,0,0.11009174311926606
5480,7714-YXSMB,0,0.45233265720081134
3406,4828-FAZPK,0,0.45233265720081134
9,0016-QLJIS,0,0.011075949367088608
5639,7951-QKZPL,0,0.011075949367088608
500,0730-KOAVE,0,0.45233265720081134
2083,2988-QRAJY,0,0.07111111111111111
1836,2673-CXQEU,0,0.21921921921921922
3166,4541-RMRLG,0,0.05921052631578947
6923,9823-EALYC,0,0.011075949367088608
4761,6701-YVNQG,0,0.011075949367088608
2187,3133-PZNSR,0,0.07111111111111111
4059,5716-LIBJC,1,0.6914600550964187
4228,5966-EMAZU,0,0.21921921921921922
2314,3315-IKYZQ,0,0.11009174311926606
2393,3422-LYEPQ,1,0.904
114,0201-MIBOL,0,0.07111111111111111
1851,2685-SREOM,0,0.45233265720081134
6397,9060-HJJRW,0,0.11009174311926606
6007,8480-PPONV,0,0.07111111111111111
508,0742-NXBGR,1,0.904
2683,3807-BPOMJ,0,0.21921921921921922
240,0366-NQSHS,0,0.27450980392156865
1224,1813-JYWTO,0,0.07111111111111111
3977,5602-BVFMK,0,0.05921052631578947
1426,2101-RANCD,0,0.21921921921921922
4184,5914-XRFQB,0,0.07111111111111111
1556,2267-WTPYD,0,0.21921921921921922
775,1131-QQZEB,0,0.10810810810810811
1430,2108-GLPQB,0,0.11009174311926606
4834,6813-GZQCG,0,0.011075949367088608
2255,3223-DWFIO,0,0.4657534246575342
2306,3301-VKTGC,0,0.21921921921921922
409,0607-MVMGC,0,0.11009174311926606
6299,8910-ICHIU,0,0.21153846153846154
6319,8945-MUQUF,0,0.21921921921921922
4222,5956-YHHRX,0,0.45233265720081134
2823,4013-GUXND,0,0.27450980392156865
1137,1670-SVOWZ,1,0.6914600550964187
3012,4311-QTTAI,0,0.015228426395939087
3914,5510-BOIUJ,0,0.27450980392156865
5139,7234-KMNRQ,0,0.05921052631578947
4185,5915-ANOEI,0,0.011075949367088608
3075,4398-HSCJH,1,0.5517241379310345
6759,9593-CVZKR,0,0.011075949367088608
6946,9850-OWRHQ,0,0.4657534246575342
4128,5839-SUYVZ,0,0.45233265720081134
4071,5747-PMBSQ,1,0.6914600550964187
5866,8245-UMPYT,0,0.45233265720081134
4412,6218-KNUBD,0,0.25
3164,4537-DKTAL,1,0.5517241379310345
3990,5626-MGTUK,0,0.45233265720081134
5826,8200-LGKSR,0,0.011075949367088608
3736,5260-UMPWX,0,0.015228426395939087
1484,2190-PHBHR,0,0.07111111111111111
3837,5389-FFVKB,0,0.45233265720081134
897,1304-SEGFY,0,0.07111111111111111
6762,9601-BRXPO,0,0.45233265720081134
5285,7460-ITWWP,0,0.45233265720081134
5137,7233-PAHHL,0,0.011075949367088608
6619,9405-GPBBG,0,0.07111111111111111
6630,9420-LOJKX,1,0.6914600550964187
1445,2135-DQWAQ,1,0.6914600550964187
1274,1894-IGFSG,0,0.45233265720081134
3619,5133-POWUA,1,0.5517241379310345
5278,7446-SFAOA,0,0.015228426395939087
2320,3318-NMQXL,1,0.6914600550964187
4237,5980-BDHPY,0,0.011075949367088608
2256,3223-WZWJM,0,0.45233265720081134
6068,8601-QACRS,0,0.25
3839,5393-HJZSM,0,0.11009174311926606
4879,6873-UDNLD,0,0.11009174311926606
953,1384-RCUXW,0,0.45233265720081134
1964,2843-CQMEG,0,0.11009174311926606
855,1240-KNSEZ,0,0.27450980392156865
3878,5451-MHQOF,0,0.015228426395939087
1619,2359-QWQUL,0,0.21153846153846154
5721,8058-INTPH,1,0.904
1499,2207-OBZNX,0,0.25
5074,7131-ZQZNK,0,0.011075949367088608
308,0455-XFASS,0,0.4657534246575342
5462,7688-AWMDX,0,0.011075949367088608
1058,1545-JFUML,0,0.07111111111111111
3877,5449-FIBXJ,0,0.45233265720081134
3667,5175-WLYXL,0,0.45233265720081134
302,0442-TDYUO,0,0.011075949367088608
1636,2378-YIZKA,0,0.011075949367088608
1652,2400-XIWIO,0,0.011075949367088608
1066,1555-DJEQW,0,0.07111111111111111
6385,9050-QLROH,0,0.45233265720081134
5323,7519-JTWQH,0,0.07111111111111111
5237,7379-FNIUJ,1,0.6914600550964187
4531,6383-ZTSIW,0,0.21153846153846154
1534,2240-HSJQD,0,0.45233265720081134
6808,9661-MHUMO,1,0.5517241379310345
850,1230-QAJDW,1,0.5517241379310345
6816,9680-NIAUV,0,0.07111111111111111
3384,4816-OKWNX,0,0.21921921921921922
5507,7754-IXRMC,1,0.5517241379310345
1173,1728-BQDMA,1,0.5517241379310345
1945,2823-LKABH,0,0.45233265720081134
93,0151-ONTOV,1,0.904
5044,7094-MSZAO,0,0.05921052631578947
3369,4803-AXVYP,0,0.45233265720081134
3926,5524-KHNJP,0,0.11009174311926606
1729,2519-LBNQL,0,0.21921921921921922
160,0260-ZDLGK,0,0.25
4552,6416-YJTTB,1,0.6914600550964187
6028,8535-SFUTN,0,0.21921921921921922
2118,3043-TYBNO,1,0.5517241379310345
2620,3727-OWVYD,0,0.11009174311926606
3984,5616-PRTNT,0,0.015228426395939087
4478,6319-QSUSR,0,0.05921052631578947
4465,6296-DDOOR,0,0.11009174311926606
6039,8559-WNQZS,0,0.27450980392156865
4016,5656-MJEFC,0,0.011075949367088608
1232,1830-GGFNM,0,0.07111111111111111
6657,9470-YFUYI,0,0.11009174311926606
5734,8069-RHUXK,0,0.011075949367088608
97,0168-XZKBB,0,0.45233265720081134
5492,7730-CLDSV,0,0.07111111111111111
2354,3373-DIUUN,0,0.011075949367088608
6095,8631-WUXGY,0,0.45233265720081134
954,1385-TQOZW,0,0.05921052631578947
4405,6211-WHMYA,0,0.11009174311926606
5733,8067-NIOYM,0,0.011075949367088608
3986,5619-XZZKR,0,0.05921052631578947
365,0536-ACXIP,0,0.07111111111111111
431,0628-CNQRM,0,0.11009174311926606
3931,5536-RTPWK,0,0.45233265720081134
903,1310-QRITU,0,0.11009174311926606
6764,9603-OAIHC,1,0.904
6567,9334-GWGOW,1,0.6914600550964187
5928,8348-HFYIV,1,0.5517241379310345
2024,2921-XWDJH,0,0.45233265720081134
762,1106-HRLKZ,0,0.011075949367088608
5431,7641-TQFHN,0,0.45233265720081134
5993,8454-AATJP,0,0.07111111111111111
5558,7825-ECJRF,0,0.45233265720081134
6890,9786-YWNHU,0,0.011075949367088608
641,0939-YAPAF,0,0.45233265720081134
6854,9738-QLWTP,0,0.21153846153846154
423,0621-JFHOL,0,0.25
336,0495-ZBNGW,1,0.6914600550964187
367,0536-ESJEP,0,0.011075949367088608
1845,2676-SSLTO,0,0.011075949367088608
2635,3748-FVMZZ,0,0.25
2109,3027-YNWZU,0,0.011075949367088608
2466,3528-HFRIQ,0,0.11009174311926606
1990,2876-VBBBL,0,0.27450980392156865
3153,4524-QCSSM,0,0.11009174311926606
3453,4895-TMWIR,0,0.05921052631578947
2984,4277-PVRAN,1,0.6914600550964187
3196,4581-LNWUM,0,0.25
483,0704-VCUMB,0,0.011075949367088608
5030,7073-QETQY,0,0.015228426395939087
4393,6196-HBOBZ,0,0.07111111111111111
2405,3442-ZHHCC,0,0.11009174311926606
5248,7398-HPYZQ,0,0.011075949367088608
4485,6331-EWIEB,0,0.45233265720081134
2787,3967-KXAPS,0,0.011075949367088608
3684,5196-SGOAK,1,0.904
2592,3705-PSNGL,0,0.015228426395939087
6008,8481-YYXWG,1,0.6914600550964187
3552,5032-USPKF,0,0.11009174311926606
3256,4656-CAURT,0,0.011075949367088608
3183,4565-NLZBV,0,0.011075949367088608
6280,8884-ADFVN,1,0.6914600550964187
1506,2209-XADXF,1,0.5517241379310345
5779,8132-YPVBX,1,0.6914600550964187
4087,5777-KJIRB,0,0.11009174311926606
4322,6097-EQISJ,0,0.21921921921921922
3941,5546-QUERU,0,0.05921052631578947
1844,2676-OXPPQ,0,0.25
5064,7123-WQUHX,0,0.21153846153846154
2259,3229-USWAR,0,0.11009174311926606
7038,9987-LUTYD,0,0.25
1230,1820-TQVEV,1,0.904
1467,2167-FQSTQ,0,0.011075949367088608
1427,2103-ZRXFN,1,0.5517241379310345
695,1025-FALIX,0,0.45233265720081134
18,0022-TCJCI,0,0.11009174311926606
3325,4735-BJKOU,0,0.011075949367088608
4453,6281-FKEWS,0,0.11009174311926606
1490,2195-ZRVAX,0,0.45233265720081134
5341,7547-EKNFS,0,0.45233265720081134
4127,5837-LXSDN,0,0.11009174311926606
6696,9509-MPYOD,0,0.015228426395939087
6776,9620-QJREV,0,0.015228426395939087
6959,9871-ELEYA,0,0.011075949367088608
511,0744-BIKKF,0,0.011075949367088608
2858,4078-SAYYN,1,0.6914600550964187
6172,8739-WWKDU,0,0.45233265720081134
4384,6178-KFNHS,1,0.6914600550964187
3390,4819-HJPIW,0,0.11009174311926606
1006,1453-RZFON,1,0.5517241379310345
5909,8317-BVKSO,0,0.05921052631578947
5170,7272-QDCKA,0,0.21153846153846154
1187,1750-CSKKM,0,0.25
4340,6122-LJADA,0,0.011075949367088608
2060,2967-MXRAV,0,0.27450980392156865
2244,3207-OYBWH,0,0.21921921921921922
6600,9381-NDKME,0,0.11009174311926606
115,0201-OAMXR,0,0.21921921921921922
2677,3800-LYTRK,0,0.25
4855,6845-RGTYS,0,0.45233265720081134
238,0365-GXEZS,0,0.45233265720081134
3843,5396-IZEPB,0,0.05921052631578947
207,0322-YINQP,1,0.5517241379310345
3742,5271-YNWVR,0,0.07111111111111111
5851,8224-UAXBZ,0,0.11009174311926606
5043,7089-XXAYG,0,0.11009174311926606
2731,3887-PBQAO,0,0.11009174311926606
3429,4859-ZSRDZ,0,0.011075949367088608
5665,7989-AWGEH,0,0.11009174311926606
1479,2187-PKZAY,1,0.6914600550964187
622,0913-XWSCN,0,0.21921921921921922
6367,9025-ZRPVR,0,0.05921052631578947
6758,9592-ERDKV,0,0.11009174311926606
6267,8869-TORSS,0,0.11009174311926606
5926,8345-MVDYC,0,0.011075949367088608
6289,8901-HJXTF,0,0.25
5614,7905-TVXTA,0,0.25
3010,4307-KWMXE,0,0.25
2056,2959-MJHIC,1,0.6914600550964187
403,0601-WZHJF,0,0.25
2704,3845-JHAMY,0,0.11009174311926606
4314,6082-OQFBA,0,0.015228426395939087
2287,3266-FTKHB,0,0.011075949367088608
5829,8204-TIFGJ,0,0.015228426395939087
5402,7611-YKYTC,0,0.45233265720081134
3103,4450-MDZFX,0,0.21921921921921922
1818,2656-FMOKZ,1,0.6914600550964187
399,0594-UFTUL,0,0.05921052631578947
6738,9570-KYEUA,0,0.07111111111111111
3507,4971-PUYQO,0,0.45233265720081134
6679,9495-SKLKD,0,0.45233265720081134
5246,7395-XWZOY,0,0.11009174311926606
5869,8250-ZNGGW,0,0.25
1656,2405-LBMUW,0,0.11009174311926606
1464,2162-FRZAA,0,0.011075949367088608
2688,3811-VBYBZ,1,0.6914600550964187
4047,5701-YVSVF,1,0.6914600550964187
3779,5317-FLPJF,0,0.011075949367088608
616,0902-RFHOF,0,0.015228426395939087
2052,2957-LOLHO,0,0.25
4490,6339-DKLMK,0,0.25
4670,6586-MYGKD,0,0.011075949367088608
6365,9019-QVLZD,1,0.904
6969,9889-TMAHG,1,0.6914600550964187
3207,4597-NUCQV,0,0.45233265720081134
1525,2234-XADUH,0,0.21921921921921922
1457,2150-WLKUW,0,0.11009174311926606
6344,8984-EYLLL,0,0.07111111111111111
3834,5385-SUIRI,0,0.21921921921921922
2906,4138-NAXED,0,0.21921921921921922
3018,4318-RAJVY,0,0.05921052631578947
1742,2535-PBCGC,0,0.011075949367088608
4154,5875-YPQFJ,1,0.904
281,0415-MOSGF,1,0.5517241379310345
1563,2274-XUATA,0,0.10810810810810811
5322,7517-SAWMO,0,0.45233265720081134
3304,4710-FDUIZ,0,0.21921921921921922
386,0570-BFQHT,1,0.6914600550964187
2242,3200-MNQTF,0,0.011075949367088608
1533,2239-JALAW,0,0.21921921921921922
2074,2984-AFWNC,1,0.6914600550964187
3496,4951-UKAAQ,1,0.6914600550964187
392,0580-PIQHM,0,0.21153846153846154
2719,3870-MQAMG,0,0.21921921921921922
1999,2885-HIJDH,0,0.011075949367088608
203,0319-QZTCO,1,0.5517241379310345
4421,6233-HXJMX,0,0.45233265720081134
69,0114-PEGZZ,0,0.45233265720081134
5669,7993-PYKOF,1,0.6914600550964187
5857,8231-BSWXX,0,0.21921921921921922
5228,7359-PTSXY,1,0.5517241379310345
330,0487-RPVUM,0,0.21921921921921922
3057,4374-YMUSQ,0,0.21153846153846154
3307,4712-UYOOI,0,0.015228426395939087
6144,8707-HOEDG,0,0.07111111111111111
4964,6986-IXNDM,1,0.6914600550964187
2931,4184-VODJZ,0,0.21921921921921922
3620,5133-VRSAB,0,0.25
6872,9763-PDTKK,1,0.6914600550964187
6878,9770-LXDBK,0,0.27450980392156865
6887,9780-FKVVF,0,0.25
2143,3074-GQWYX,1,0.6914600550964187
2366,3391-JSQEW,0,0.11009174311926606
4963,6986-IJDHX,0,0.45233265720081134
2626,3736-BLEPA,0,0.21153846153846154
822,1202-KKGFU,0,0.25
892,1302-TPUBN,0,0.011075949367088608
282,0419-YAAPX,0,0.45233265720081134
4611,6502-MJQAE,1,0.904
4809,6766-HFKLA,0,0.07111111111111111
3571,5060-TQUQN,0,0.45233265720081134
1356,2018-PZKMU,1,0.6914600550964187
640,0939-EREMR,0,0.25
711,1047-RNXZV,0,0.011075949367088608
3472,4919-IKATY,1,0.6914600550964187
2245,3208-YPIOE,0,0.45233265720081134
3569,5057-LCOUI,0,0.11009174311926606
1327,1976-AZZPJ,0,0.25
1550,2262-SLNVK,1,0.904
3040,4353-HYOJD,0,0.11009174311926606
1913,2789-CZANW,0,0.07111111111111111
6533,9277-JOOMO,0,0.27450980392156865
1792,2616-FLVQC,0,0.011075949367088608
2368,3393-FMZPV,0,0.45233265720081134
741,1089-HDMKP,0,0.25
1026,1481-ZUWZA,0,0.45233265720081134
2135,3067-SVMTC,0,0.11009174311926606
1617,2359-KLTEK,0,0.45233265720081134
634,0929-HYQEW,1,0.5517241379310345
758,1100-DDVRV,0,0.11009174311926606
158,0258-NOKBL,1,0.6914600550964187
2871,4090-KPJIP,1,0.6914600550964187
5133,7228-OMTPN,1,0.6914600550964187
5713,8048-DSDFQ,0,0.27450980392156865
3739,5268-DSMNQ,0,0.21921921921921922
2792,3973-SKMLN,0,0.011075949367088608
5327,7524-VRLPL,0,0.10810810810810811
125,0219-QAERP,0,0.015228426395939087
2395,3423-HHXAO,0,0.05921052631578947
39,0064-YIJGF,0,0.45233265720081134
4387,6181-AXXYF,0,0.011075949367088608
4029,5681-LLOEI,0,0.21153846153846154
6116,8660-BUETV,1,0.5517241379310345
1217,1794-SWWKL,0,0.25
5953,8393-JMVMB,0,0.27450980392156865
1326,1972-XMUWV,0,0.011075949367088608
4970,6993-YCOBK,0,0.07111111111111111
4852,6839-ITVZJ,0,0.11009174311926606
534,0786-IVLAW,0,0.21921921921921922
2144,3077-RSNTJ,0,0.05921052631578947
4643,6551-GNYDG,1,0.6914600550964187
1299,1930-QPBVZ,0,0.07111111111111111
6017,8499-BRXTD,0,0.015228426395939087
4806,6762-NSODU,0,0.011075949367088608
6965,9885-AIBVB,0,0.45233265720081134
2581,3689-MOZGR,0,0.11009174311926606
5287,7465-ZZRVX,1,0.904
4696,6620-JDYNW,0,0.11009174311926606
2352,3372-CDXFJ,0,0.25
1244,1842-EZJMK,0,0.21921921921921922
5057,7109-MFBYV,0,0.11009174311926606
6548,9298-WGMRW,0,0.07111111111111111
1089,1585-MQSSU,0,0.11009174311926606
5590,7872-RDDLZ,0,0.11009174311926606
6376,9033-EOXWV,0,0.25
3511,4979-HPRFL,0,0.011075949367088608
2431,3482-ABPKK,0,0.11009174311926606
1337,1987-AUELQ,0,0.011075949367088608
2495,3569-VLDHH,0,0.11009174311926606
6312,8932-CZHRQ,0,0.11009174311926606
1898,2754-XBHTB,1,0.6914600550964187
4460,6288-CHQJB,0,0.011075949367088608
1295,1927-QEWMY,0,0.011075949367088608
2890,4116-TZAQJ,1,0.6914600550964187
5828,8203-XJZRC,0,0.27450980392156865
4928,6933-VLYFX,0,0.11009174311926606
4794,6734-PSBAW,0,0.011075949367088608
6634,9430-NKQLY,0,0.011075949367088608
3308,4713-LZDRV,1,0.6914600550964187
3333,4749-OJKQU,1,0.6914600550964187
6145,8707-RMEZH,0,0.21921921921921922
5358,7567-ECMCM,0,0.45233265720081134
5681,8007-YYPWD,0,0.25
4385,6179-GJPSO,0,0.45233265720081134
1215,1792-UXAFY,0,0.45233265720081134
4661,6579-JPICP,0,0.27450980392156865
3868,5442-XSDCW,1,0.6914600550964187
5570,7850-VWJUU,0,0.45233265720081134
1016,1468-DEFNC,0,0.10810810810810811
6207,8779-QRDMV,1,0.5517241379310345
4354,6137-NICCO,1,0.6914600550964187
1965,2845-AFFTX,0,0.45233265720081134
519,0754-UKWQP,1,0.6914600550964187
5349,7554-NEWDD,0,0.25
3715,5227-JSCFE,0,0.10810810810810811
5777,8128-YVJRG,1,0.6914600550964187
5938,8374-XGEJJ,0,0.45233265720081134
7019,9959-WOFKT,0,0.07111111111111111
6411,9079-LWTFD,0,0.45233265720081134
5392,7602-MVRMB,0,0.07111111111111111
5490,7729-JTEEC,1,0.5517241379310345
5447,7665-TOALD,1,0.904
5489,7727-SHVZV,0,0.05921052631578947
4518,6368-NWMCE,0,0.11009174311926606
5131,7225-CBZPL,0,0.45233265720081134
6235,8818-DOPVL,0,0.45233265720081134
4201,5934-RMPOV,0,0.45233265720081134
2611,3721-CNZHX,0,0.05921052631578947
6486,9189-JWSHV,0,0.45233265720081134
5722,8058-JMEQO,1,0.6914600550964187
6341,8980-WQFWL,0,0.11009174311926606
6202,8775-ERLNB,1,0.904
1937,2812-ENYMO,0,0.11009174311926606
2676,3799-ISUZQ,0,0.4657534246575342
1761,2576-HXMPA,0,0.27450980392156865
5485,7721-DVEKZ,0,0.27450980392156865
291,0428-IKYCP,0,0.45233265720081134
613,0898-XCGTF,0,0.21921921921921922
1413,2081-VEYEH,1,0.6914600550964187
4675,6598-KELSS,0,0.11009174311926606
1862,2697-NQBPF,0,0.45233265720081134
1343,2000-MPKCA,0,0.21921921921921922
697,1028-FFNJK,0,0.45233265720081134
6270,8873-TMKGR,0,0.015228426395939087
2769,3943-KDREE,0,0.45233265720081134
6490,9199-PWQVC,0,0.11009174311926606
435,0637-UBJRP,1,0.6914600550964187
6940,9844-FELAJ,0,0.21921921921921922
3407,4829-AUOAX,0,0.45233265720081134
3231,4628-WQCQQ,0,0.21153846153846154
4090,5780-INQIK,0,0.25
111,0196-JTUQI,1,0.6914600550964187
3599,5108-ADXWO,0,0.4657534246575342
5239,7382-DFJTU,0,0.11009174311926606
3219,4616-EWBNJ,0,0.015228426395939087
3587,5084-OOVCJ,0,0.11009174311926606
3673,5180-UCIIQ,0,0.11009174311926606
2533,3627-FHKBK,1,0.904
254,0379-DJQHR,0,0.011075949367088608
1286,1915-IOFGU,1,0.904
3754,5293-WXJAK,1,0.6914600550964187
4870,6861-OKBCE,0,0.05921052631578947
1129,1658-BYGOY,0,0.45233265720081134
4316,6087-MVHJH,0,0.45233265720081134
5602,7883-ROJOC,0,0.11009174311926606
6551,9305-CDSKC,1,0.6914600550964187
4937,6954-OOYZZ,0,0.11009174311926606
6052,8573-JGCZW,0,0.015228426395939087
4648,6559-ILWKJ,0,0.011075949367088608
3829,5380-XPJNZ,0,0.015228426395939087
6422,9094-AZPHK,1,0.6914600550964187
3827,5380-AFSSK,1,0.6914600550964187
2953,4211-MMAZN,0,0.27450980392156865
4299,6060-DRTNL,1,0.6914600550964187
1621,2361-FJWNO,0,0.11009174311926606
5753,8095-WANWK,0,0.25
3008,4304-XUMGI,0,0.10810810810810811
1061,1550-EENBN,0,0.45233265720081134
4364,6158-DWPZT,0,0.25
1000,1450-GALXR,1,0.6914600550964187
85,0136-IFMYD,0,0.07111111111111111
4119,5828-AVIPD,0,0.21153846153846154
1168,1723-HKXJQ,0,0.45233265720081134
4784,6728-WYQBC,0,0.27450980392156865
295,0434-CSFON,0,0.45233265720081134
1090,1587-FKLZB,0,0.21921921921921922
4702,6625-UTXEW,0,0.25
6815,9677-AVKED,0,0.11009174311926606
4287,6035-RIIOM,0,0.07111111111111111
2086,2990-OGYTD,0,0.011075949367088608
4644,6551-VLJMV,0,0.011075949367088608
3578,5067-XJQFU,0,0.21921921921921922
595,0872-CASZJ,0,0.11009174311926606
6682,9498-FIMXL,0,0.05921052631578947
5996,8457-XIGKN,0,0.015228426395939087
4858,6848-YLDFR,0,0.11009174311926606
3676,5183-SNMJQ,1,0.6914600550964187
5299,7483-IQWIB,0,0.45233265720081134
1710,2486-WYVVE,0,0.11009174311926606
5606,7893-IXHRQ,0,0.27450980392156865
4050,5702-SKUOB,0,0.05921052631578947
4328,6103-QCKFX,0,0.11009174311926606
4920,6923-AQONU,0,0.011075949367088608
3294,4701-MLJPN,0,0.11009174311926606
888,1297-VQDRP,0,0.21921921921921922
3251,4652-NNHNY,0,0.45233265720081134
3284,4692-NNQRU,0,0.21153846153846154
2502,3580-GICBM,0,0.011075949367088608
3846,5399-ZIMKF,1,0.6914600550964187
1306,1936-UAFEH,0,0.07111111111111111
728,1074-WVEVG,0,0.015228426395939087
3274,4678-DVQEO,1,0.5517241379310345
553,0816-TSPHQ,0,0.27450980392156865
2612,3721-WKIIL,0,0.011075949367088608
869,1264-BYWMS,0,0.21921921921921922
6034,8547-NSBBO,0,0.45233265720081134
4440,6258-PVZWJ,0,0.011075949367088608
4095,5789-LDFXO,0,0.015228426395939087
1720,2507-QZPQS,1,0.6914600550964187
4211,5947-SGKCL,1,0.6914600550964187
6479,9172-JITSM,0,0.45233265720081134
6222,8800-JOOCF,1,0.6914600550964187
2637,3750-RNQKR,0,0.05921052631578947
3478,4927-WWOOZ,1,0.6914600550964187
1624,2363-BJLSL,0,0.11009174311926606
5221,7349-ALMUX,0,0.011075949367088608
4278,6024-RUGGH,0,0.011075949367088608
198,0311-UNPFF,0,0.45233265720081134
2558,3657-COGMW,0,0.21921921921921922
599,0876-WDUUZ,1,0.6914600550964187
1193,1757-TCATG,0,0.015228426395939087
5804,8169-SAEJD,0,0.10810810810810811
4818,6776-TLWOI,0,0.27450980392156865
4801,6746-WAUWT,0,0.015228426395939087
3679,5186-SAMNZ,1,0.904
3254,4654-GGUII,0,0.11009174311926606
5732,8066-POXGX,0,0.25
1584,2308-STERM,0,0.27450980392156865
3076,4402-FTBXC,0,0.21921921921921922
2131,3061-BCKYI,0,0.05921052631578947
5885,8270-RKSAP,0,0.4657534246575342
493,0723-FDLAY,0,0.11009174311926606
6288,8898-KASCD,0,0.11009174311926606
3688,5197-YPYBZ,0,0.25
2829,4020-KIUDI,0,0.05921052631578947
6115,8659-IOOPU,0,0.07111111111111111
1160,1704-NRWYE,1,0.6914600550964187
5630,7931-PXHFC,0,0.11009174311926606
1690,2465-BLLEU,0,0.27450980392156865
6706,9524-EGPJC,0,0.45233265720081134
2608,3719-TDVQB,0,0.10810810810810811
3208,4598-XLKNJ,0,0.45233265720081134
1161,1705-GUHPV,0,0.011075949367088608
79,0129-KPTWJ,0,0.21921921921921922
3285,4693-VWVBO,0,0.27450980392156865
4565,6435-VWCCY,0,0.07111111111111111
4679,6599-RCLCJ,0,0.45233265720081134
3756,5294-DMSFH,0,0.45233265720081134
4199,5930-GBIWP,0,0.011075949367088608
6782,9626-VFRGG,0,0.45233265720081134
2301,3292-PBZEJ,1,0.6914600550964187
6233,8815-LMFLX,0,0.11009174311926606
5989,8445-DNBAE,1,0.5517241379310345
6264,8868-GAGIO,0,0.45233265720081134
893,1302-UHBDD,0,0.45233265720081134
1555,2267-FPIMA,0,0.21921921921921922
5513,7764-BDPEE,0,0.27450980392156865
495,0725-CXOTM,0,0.11009174311926606
5559,7825-GKXMW,1,0.5517241379310345
4773,6719-FGEDO,0,0.07111111111111111
6905,9801-GDWGV,0,0.45233265720081134
3187,4567-AKPIA,0,0.21153846153846154
3869,5443-SCMKX,0,0.21921921921921922
1103,1608-GMEWB,0,0.45233265720081134
2210,3164-YAXFY,0,0.11009174311926606
1441,2123-VSCOT,0,0.011075949367088608
4680,6599-SFQVE,0,0.25
2235,3195-TQDZX,0,0.27450980392156865
1602,2332-EFBJY,0,0.015228426395939087
2597,3712-PKXZA,0,0.015228426395939087
3643,5151-HQRDG,0,0.11009174311926606
3932,5536-SLHPM,0,0.21921921921921922
5880,8265-HKSOW,0,0.07111111111111111
2134,3066-RRJIO,1,0.904
5966,8405-IGQFX,0,0.21921921921921922
2898,4129-LYCOI,0,0.07111111111111111
5739,8075-GXIUB,0,0.05921052631578947
1492,2200-DSAAL,0,0.011075949367088608
5888,8277-RVRSV,0,0.015228426395939087
3085,4423-JWZJN,0,0.21921921921921922
633,0928-XUTSN,1,0.6914600550964187
856,1241-EZFMJ,0,0.011075949367088608
4567,6437-UKHMV,1,0.6914600550964187
1112,1624-WOIWJ,1,0.6914600550964187
4763,6704-UTUKK,0,0.11009174311926606
1880,2725-KXXWT,1,0.904
276,0407-BDJKB,0,0.21921921921921922
3907,5498-IBWPI,0,0.11009174311926606
2464,3524-WQDSG,0,0.45233265720081134
4600,6483-OATDN,0,0.25
2214,3170-GWYKC,0,0.21921921921921922
4924,6925-BAYGL,0,0.10810810810810811
1179,1732-FEKLD,0,0.21921921921921922
3912,5504-WSIUR,0,0.21921921921921922
6526,9258-CNWAC,0,0.07111111111111111
5418,7632-MNYOY,0,0.21921921921921922
4180,5909-ECHUI,1,0.5517241379310345
2816,4006-HKYHO,0,0.011075949367088608
64,0107-YHINA,1,0.904
6671,9489-DEDVP,0,0.011075949367088608
1073,1564-NTYXF,1,0.6914600550964187
5117,7197-VOJMM,0,0.011075949367088608
6822,9691-HKOVS,0,0.11009174311926606
2438,3489-VSFRD,0,0.11009174311926606
6291,8902-ZEOVF,0,0.015228426395939087
1032,1492-QGCLU,0,0.11009174311926606
2106,3022-BEXHZ,0,0.07111111111111111
5055,7108-DGVUU,0,0.11009174311926606
3469,4915-BFSXL,0,0.011075949367088608
4509,6356-ELRKD,1,0.904
3468,4913-EHYUI,0,0.21921921921921922
4241,5982-FPVQN,0,0.45233265720081134
6967,9885-MFVSU,0,0.011075949367088608
3147,4518-FZBSX,0,0.015228426395939087
6148,8710-YGLWG,1,0.5517241379310345
6368,9026-LHEVG,0,0.25
318,0471-LVHGK,0,0.11009174311926606
1284,1907-YLNYW,0,0.25
1254,1853-ARAAQ,0,0.11009174311926606
2231,3191-CSNMG,1,0.6914600550964187
4946,6967-PEJLL,0,0.11009174311926606
2014,2905-KFQUV,0,0.4657534246575342
6846,9725-SCPZG,1,0.904
229,0356-ERHVT,0,0.25
572,0840-DFEZH,1,0.6914600550964187
4845,6828-HMKWP,0,0.25
6574,9350-VLHMB,0,0.21921921921921922
1688,2460-NGXBJ,1,0.6914600550964187
1756,2568-BRGYX,0,0.4657534246575342
3919,5515-RUGKN,0,0.25
1919,2794-XIMMO,0,0.11009174311926606
3381,4815-YOSUK,0,0.21921921921921922
5357,7566-DSRLQ,0,0.07111111111111111
2090,2999-AANRQ,0,0.011075949367088608
565,0831-JNISG,0,0.011075949367088608
177,0285-INHLN,0,0.11009174311926606
245,0374-IOEGQ,1,0.5517241379310345
278,0410-IPFTY,0,0.45233265720081134
4429,6243-OZGFH,0,0.11009174311926606
4236,5977-CKHON,0,0.45233265720081134
3276,4682-BLBUC,0,0.11009174311926606
5280,7449-HVPIV,0,0.21921921921921922
4482,6326-MTTXK,1,0.6914600550964187
4910,6908-VVYHM,0,0.21921921921921922
482,0702-PGIBZ,1,0.6914600550964187
1439,2122-YWVYA,0,0.45233265720081134
4553,6418-HNFED,0,0.011075949367088608
5645,7963-GQRMY,1,0.5517241379310345
2935,4188-PCPIG,0,0.011075949367088608
1422,2091-RFFBA,0,0.45233265720081134
5384,7596-ZYWBB,0,0.011075949367088608
6593,9369-XFEHK,0,0.45233265720081134
2209,3164-AALRN,0,0.25
3989,5624-RYAMH,0,0.05921052631578947
215,0330-BGYZE,0,0.21921921921921922
2978,4256-ZWTZI,0,0.25
2999,4291-YZODP,0,0.05921052631578947
5296,7480-QNVZJ,0,0.21921921921921922
5351,7560-QJAVJ,0,0.011075949367088608
3191,4572-DVCGN,1,0.6914600550964187
881,1272-ILHFG,0,0.05921052631578947
2729,3884-UEBXB,0,0.011075949367088608
4079,5760-IFJOZ,1,0.6914600550964187
4099,5795-BKOYE,0,0.11009174311926606
1577,2296-DKZFP,0,0.011075949367088608
3366,4800-VHZKI,0,0.27450980392156865
2091,3001-CBHLQ,0,0.45233265720081134
2991,4283-IVYCI,0,0.25
1181,1734-ZMNTZ,0,0.25
2783,3957-SQXML,0,0.011075949367088608
47,0080-OROZO,0,0.21153846153846154
1158,1702-CCFNJ,0,0.11009174311926606
3023,4323-SADQS,0,0.25
344,0511-JTEOY,1,0.904
390,0577-WHMEV,0,0.45233265720081134
2934,4188-FRABG,0,0.21921921921921922
2722,3873-NFTGI,0,0.25
2923,4176-FXYBO,0,0.21921921921921922
6655,9470-RTWDV,0,0.11009174311926606
6300,8910-LEDAG,0,0.45233265720081134
4139,5849-ASHZJ,0,0.015228426395939087
1678,2450-ZKEED,0,0.25
422,0621-HJWXJ,0,0.21921921921921922
3047,4361-FEBGN,0,0.011075949367088608
2008,2897-DOVND,0,0.4657534246575342
3694,5201-USSQZ,0,0.45233265720081134
3514,4983-CCWMC,0,0.4657534246575342
5148,7244-KXYZN,0,0.015228426395939087
6297,8908-SLFCJ,0,0.011075949367088608
3942,5549-ZGHFB,0,0.011075949367088608
3367,4801-JZAZL,0,0.25
900,1307-TVUFB,0,0.45233265720081134
4151,5868-YWPDW,1,0.6914600550964187
509,0743-HNPFG,0,0.11009174311926606
993,1442-OKRJE,0,0.21921921921921922
4210,5945-AZYHT,0,0.21921921921921922
5306,7501-IWUNG,0,0.011075949367088608
2357,3374-PZLXD,0,0.015228426395939087
211,0326-VDYXE,0,0.21921921921921922
4741,6682-QJDGB,0,0.11009174311926606
4105,5804-HYIEZ,0,0.21921921921921922
1894,2750-BJLSB,0,0.21153846153846154
407,0604-THJFP,0,0.011075949367088608
826,1208-DNHLN,0,0.11009174311926606
5932,8357-EQXFO,1,0.6914600550964187
754,1098-KFQEC,0,0.011075949367088608
3701,5207-PLSTK,1,0.5517241379310345
767,1116-DXXDF,0,0.45233265720081134
94,0156-FVPTA,0,0.11009174311926606
6343,8982-NHAVY,0,0.21153846153846154
3720,5232-NXPAY,0,0.011075949367088608
6224,8802-UNOJF,1,0.6914600550964187
1947,2824-MYYBN,0,0.45233265720081134
2747,3908-MKIMJ,0,0.10810810810810811
4949,6968-MHOMU,0,0.11009174311926606
5693,8020-BWHYL,1,0.6914600550964187
1503,2208-NKVVH,0,0.011075949367088608
6348,8990-YOZLV,0,0.011075949367088608
6383,9048-JVYVF,1,0.5517241379310345
2649,3764-MNMOI,0,0.011075949367088608
6825,9695-IDRZR,0,0.45233265720081134
4603,6486-LHTMA,0,0.21153846153846154
24,0031-PVLZI,0,0.05921052631578947
5405,7615-ESMYF,1,0.5517241379310345
2960,4228-ZGYUW,1,0.6914600550964187
4932,6942-LBFDP,0,0.27450980392156865
2087,2995-UPRYS,0,0.21153846153846154
1804,2636-ALXXZ,1,0.904
4137,5847-MXBEO,0,0.015228426395939087
151,0253-ZTEOB,0,0.011075949367088608
4914,6917-IAYHD,1,0.5517241379310345
3724,5236-XMZJY,0,0.11009174311926606
2088,2995-YWTCD,0,0.011075949367088608
5814,8184-WMOFI,0,0.11009174311926606
3055,4373-MAVJG,1,0.6914600550964187
2712,3863-IUBJR,0,0.25
2408,3450-WXOAT,0,0.11009174311926606
5071,7130-CTCUS,0,0.11009174311926606
2184,3130-ICDUP,1,0.6914600550964187
5642,7954-MLBUN,0,0.45233265720081134
4156,5876-QMYLD,0,0.015228426395939087
3725,5240-CAOYT,0,0.21921921921921922
6617,9402-ORRAH,1,0.6914600550964187
1141,1680-VDCWW,0,0.05921052631578947
569,0839-JTCUD,0,0.011075949367088608
716,1053-MXTTK,0,0.07111111111111111
2219,3174-RKMOW,0,0.45233265720081134
3440,4878-BUNFV,0,0.011075949367088608
5852,8225-BTJAU,1,0.6914600550964187
6900,9798-DRYDS,0,0.11009174311926606
2830,4021-RQSNY,0,0.45233265720081134
5014,7047-YXDMZ,0,0.015228426395939087
5472,7698-YFGEZ,0,0.27450980392156865
6708,9526-JAWYF,0,0.45233265720081134
5066,7126-RBHSD,0,0.45233265720081134
6703,9518-XXBXE,1,0.6914600550964187
2609,3720-DBRWL,0,0.011075949367088608
5006,7032-LMBHI,0,0.11009174311926606
6089,8627-EHGIP,0,0.11009174311926606
854,1240-HCBOH,0,0.011075949367088608
2975,4250-ZBWLV,0,0.21921921921921922
6450,9134-CEQMF,1,0.6914600550964187
6313,8937-RDTHP,1,0.904
1832,2672-DZUOY,1,0.5517241379310345
1511,2220-IAHLS,0,0.27450980392156865
2897,4128-ETESU,0,0.45233265720081134
5282,7452-FOLON,0,0.11009174311926606
5737,8071-SBTRN,0,0.07111111111111111
2919,4163-HFTUK,0,0.015228426395939087
1988,2874-YXVVA,0,0.45233265720081134
2682,3806-YAZOV,0,0.27450980392156865
570,0839-QNXME,0,0.011075949367088608
1362,2026-TGDHM,1,0.6914600550964187
5699,8033-ATFAS,0,0.11009174311926606
2833,4026-SKKHW,1,0.5517241379310345
2351,3370-HXOPH,1,0.6914600550964187
1772,2589-AYCRP,0,0.015228426395939087
4686,6614-VBEGU,0,0.11009174311926606
4819,6777-TGHTM,0,0.21921921921921922
2220,3177-LASXD,1,0.904
6214,8782-NUUOL,0,0.11009174311926606
5393,7603-USHJS,0,0.4657534246575342
4102,5799-JRCZO,0,0.011075949367088608
4142,5855-EIBDE,0,0.45233265720081134
1271,1891-FZYSA,0,0.21921921921921922
5267,7426-GSWPO,0,0.21921921921921922
3735,5256-SKJGO,0,0.011075949367088608
6109,8648-PFRMP,0,0.25
1874,2720-FVBQP,0,0.25
949,1374-DMZUI,1,0.6914600550964187
3327,4737-HOBAX,0,0.011075949367088608
1655,2404-JIBFC,0,0.011075949367088608
4936,6953-PBDIN,0,0.011075949367088608
6589,9365-SRSZE,0,0.45233265720081134
4863,6855-VLGOS,0,0.011075949367088608
1875,2720-WGKHP,1,0.6914600550964187
3649,5158-RIVOP,0,0.05921052631578947
4817,6773-LQTVT,0,0.11009174311926606
5918,8329-UTMVM,0,0.21153846153846154
1481,2189-UXTKY,0,0.11009174311926606
6504,9227-LUNBG,1,0.5517241379310345
3642,5150-LJNSR,0,0.21153846153846154
1682,2452-SNHFZ,0,0.45233265720081134
2490,3566-HJGPK,1,0.5517241379310345
2895,4123-FCVCB,0,0.25
6756,9589-ABEPT,0,0.07111111111111111
5903,8313-AFGBW,0,0.011075949367088608
4337,6121-TNHBO,0,0.11009174311926606
4541,6402-EJMWF,0,0.25
1509,2215-ZAFGX,1,0.6914600550964187
6980,9907-SWKKF,1,0.5517241379310345
4514,6365-HITVU,0,0.011075949367088608
2822,4012-ZTHBR,0,0.11009174311926606
1740,2533-QVMSK,0,0.07111111111111111
223,0345-HKJVM,1,0.6914600550964187
4894,6896-SRVYQ,0,0.45233265720081134
1415,2082-OJVTK,0,0.45233265720081134
1737,2528-HFYZX,0,0.45233265720081134
2463,3523-QRQLL,0,0.11009174311926606
6139,8699-ASUFO,1,0.6914600550964187
2684,3807-XHCJH,0,0.27450980392156865
1786,2608-BHKFN,0,0.4657534246575342
1050,1535-VTJOQ,0,0.011075949367088608
5172,7274-CGTOD,0,0.011075949367088608
2370,3397-AVTKU,0,0.011075949367088608
4822,6778-YSNIH,1,0.5517241379310345
3199,4584-LBNMK,0,0.015228426395939087
439,0641-EVBOJ,1,0.6914600550964187
6449,9133-AYJZG,0,0.45233265720081134
1641,2384-OVPSA,0,0.10810810810810811
899,1307-ATKGB,0,0.45233265720081134
3991,5627-TVBPP,0,0.015228426395939087
5916,8329-GWVPJ,0,0.21921921921921922
829,1212-GLHMD,1,0.6914600550964187
1266,1867-TJHTS,0,0.21921921921921922
7016,9955-QOPOY,0,0.11009174311926606
1952,2830-LEWOA,0,0.21921921921921922
5512,7762-URZQH,0,0.07111111111111111
894,1303-SRDOK,0,0.07111111111111111
2000,2886-KEFUM,0,0.21921921921921922
800,1169-SAOCL,0,0.21153846153846154
6639,9441-QHEVC,0,0.27450980392156865
5820,8191-XWSZG,0,0.015228426395939087
202,0318-ZOPWS,0,0.011075949367088608
454,0667-NSRGI,0,0.11009174311926606
1505,2208-UGTGR,0,0.21921921921921922
6828,9700-ISPUP,0,0.25
2805,3990-QYKBE,0,0.45233265720081134
5716,8050-WYBND,0,0.11009174311926606
2224,3181-MIZBN,0,0.015228426395939087
5138,7234-FECYN,1,0.6914600550964187
3559,5044-XDPYX,0,0.011075949367088608
3833,5384-ZTTWP,0,0.05921052631578947
2932,4186-ZBUEW,0,0.11009174311926606
2359,3376-BMGFE,0,0.4657534246575342
861,1251-KRREG,1,0.5517241379310345
1288,1918-ZBFQJ,1,0.6914600550964187
91,0147-ESWWR,0,0.45233265720081134
4106,5804-JMYIO,0,0.011075949367088608
3795,5337-IIWKZ,0,0.11009174311926606
1142,1682-VCOIO,0,0.015228426395939087
6208,8779-YIQQA,0,0.015228426395939087
811,1183-CANVH,0,0.11009174311926606
5036,7079-QRCBC,0,0.45233265720081134
2239,3198-VELRD,1,0.6914600550964187
5657,7975-JMZNT,0,0.011075949367088608
2313,3313-QKNKB,0,0.21921921921921922
5557,7824-PANSQ,0,0.21921921921921922
5452,7670-ZBPOQ,0,0.11009174311926606
4296,6050-FFXES,0,0.07111111111111111
4965,6987-XQSJT,0,0.21921921921921922
558,0822-QGCXA,0,0.11009174311926606
4112,5816-JMLGY,0,0.011075949367088608
5208,7325-ENZFI,0,0.11009174311926606
6663,9480-BQJEI,0,0.21921921921921922
3388,4818-DRBQT,0,0.45233265720081134
4866,6857-VWJDT,1,0.904
5764,8107-KNCIM,1,0.6914600550964187
3654,5167-GBFRE,0,0.25
2493,3569-EDBPQ,0,0.45233265720081134
3270,4673-KKSLS,0,0.45233265720081134
4830,6804-GDMOI,0,0.07111111111111111
3161,4534-WGCIR,0,0.011075949367088608
499,0730-BGQGF,0,0.011075949367088608
5092,7156-MHUGY,1,0.6914600550964187
2896,4124-MMETB,0,0.45233265720081134
1979,2863-IMQDR,0,0.011075949367088608
3749,5281-BUZGT,0,0.45233265720081134
2081,2988-GBIVW,0,0.21921921921921922
4165,5889-JTMUL,0,0.21921921921921922
4085,5774-QPLTF,0,0.015228426395939087
806,1173-XZPYF,1,0.6914600550964187
6612,9396-ZSFLL,0,0.25
4157,5879-HMFFH,0,0.011075949367088608
6182,8749-CLJXC,0,0.27450980392156865
2166,3097-FQTVJ,0,0.011075949367088608
1406,2077-DDHJK,0,0.011075949367088608
445,0655-RBDUG,1,0.6914600550964187
1723,2511-MORQY,0,0.11009174311926606
1693,2468-SJFLM,0,0.5
5053,7105-MXJLL,0,0.11009174311926606
3399,4825-XJGDM,0,0.11009174311926606
5417,7629-WIXZF,0,0.25
6496,9210-IAHGH,0,0.25
3636,5148-HKFIR,0,0.011075949367088608
2167,3097-IDVPU,0,0.11009174311926606
6321,8947-YRTDV,0,0.21153846153846154
4597,6481-ESCNL,0,0.45233265720081134
3791,5331-RGMTT,0,0.21921921921921922
6335,8970-ANWXO,0,0.11009174311926606
4854,6844-DZKRF,1,0.5517241379310345
3916,5514-YQENT,0,0.45233265720081134
4803,6752-APNJL,0,0.11009174311926606
1023,1478-VPOAD,1,0.5517241379310345
4754,6693-DJWTY,0,0.11009174311926606
4631,6532-YLWSI,0,0.015228426395939087
6327,8961-QDZZJ,0,0.21921921921921922
2330,3334-CTHOL,1,0.5517241379310345
104,0187-QSXOE,1,0.6914600550964187
6333,8967-SZQAS,0,0.25
4709,6633-SYEUS,0,0.45233265720081134
6281,8884-FEEWR,0,0.015228426395939087
4705,6629-LADHQ,1,0.5517241379310345
5143,7240-FQLHE,0,0.45233265720081134
941,1360-RCYRT,0,0.11009174311926606
347,0515-YPMCW,1,0.904
213,0328-GRPMV,1,0.904
4605,6496-JDSSB,1,0.6914600550964187
1860,2696-NARTR,0,0.4657534246575342
5319,7515-LODFU,0,0.10810810810810811
3458,4903-CNOZC,0,0.11009174311926606
1085,1579-KLYDT,1,0.6914600550964187
979,1421-HCERK,0,0.45233265720081134
1592,2320-YKQBO,0,0.05921052631578947
2365,3389-YGYAI,1,0.6914600550964187
3225,4625-LAMOB,0,0.011075949367088608
1886,2737-YNGYW,1,0.6914600550964187
2023,2920-RNCEZ,1,0.904
6453,9135-MGVPY,0,0.011075949367088608
5854,8229-BUJHX,0,0.011075949367088608
6721,9546-KDTRB,0,0.015228426395939087
3035,4342-HFXWS,0,0.11009174311926606
1925,2800-QQUSO,0,0.45233265720081134
480,0701-RFGFI,0,0.45233265720081134
6180,8747-UDCOI,0,0.011075949367088608
5655,7971-HLVXI,0,0.07111111111111111
6863,9750-BOOHV,0,0.11009174311926606
2474,3540-RZJYU,1,0.6914600550964187
6023,8514-VZHEB,0,0.011075949367088608
6810,9667-TKTVZ,1,0.5517241379310345
653,0956-SYCWG,0,0.05921052631578947
6318,8945-GRKHX,1,0.904
3666,5175-AOBHI,0,0.25
2546,3642-GKTCT,0,0.21921921921921922
5631,7932-WPTDS,1,0.5517241379310345
5205,7321-VGNKU,1,0.904
4343,6127-IYJOZ,1,0.5517241379310345
606,0887-HJGAR,1,0.5517241379310345
6536,9281-CEDRU,0,0.011075949367088608
4111,5815-HGGHV,0,0.11009174311926606
985,1429-UYJSV,0,0.05921052631578947
4489,6338-AVWCY,1,0.5517241379310345
4168,5893-PYOLZ,0,0.011075949367088608
5690,8017-LXHFA,0,0.45233265720081134
2670,3795-CAWEX,0,0.07111111111111111
3346,4770-QAZXN,0,0.05921052631578947
5177,7279-BUYWN,0,0.45233265720081134
4844,6827-IEAUQ,0,0.11009174311926606
413,0613-WUXUM,0,0.011075949367088608
4874,6867-ACCZI,0,0.011075949367088608
2146,3079-BCHLN,0,0.015228426395939087
5374,7587-RZNME,1,0.5517241379310345
4131,5843-TTHGI,0,0.11009174311926606
5551,7816-VGHTO,0,0.25
4331,6112-KTHFQ,0,0.05921052631578947
4835,6814-ZPWFQ,0,0.11009174311926606
6142,8705-WZCYL,1,0.5517241379310345
2889,4116-IQRFR,0,0.25
5159,7252-NTGSS,1,0.5517241379310345
2990,4283-FUTGF,0,0.45233265720081134
5425,7636-XUHWW,0,0.27450980392156865
863,1254-IZEYF,0,0.45233265720081134
3411,4832-VRBMR,0,0.21921921921921922
621,0909-SELIE,0,0.011075949367088608
6464,9146-JRIOX,0,0.25
2084,2990-HWIML,1,0.6914600550964187
335,0495-RVCBF,1,0.904
6491,9200-NLNPD,0,0.11009174311926606
1594,2322-VCZHZ,0,0.45233265720081134
5388,7601-DHFWZ,0,0.011075949367088608
5672,7995-ZHHNZ,0,0.11009174311926606
5661,7978-DKUQH,0,0.45233265720081134
2681,3806-DXQOM,0,0.25
3560,5046-NUHWD,0,0.11009174311926606
2624,3733-UOCWF,0,0.21921921921921922
6060,8590-YFFQO,0,0.011075949367088608
1214,1791-PQHBB,1,0.5517241379310345
4044,5699-BNCAS,0,0.10810810810810811
5360,7569-NMZYQ,0,0.07111111111111111
1501,2207-RYYRL,0,0.011075949367088608
1190,1754-GKYPY,0,0.45233265720081134
6424,9097-ZUBYC,0,0.25
1897,2754-VDLTR,1,0.6914600550964187
3591,5090-EMGTC,0,0.07111111111111111
1951,2829-HYVZP,0,0.015228426395939087
3746,5276-KQWHG,0,0.4657534246575342
6571,9347-AERRL,0,0.015228426395939087
2406,3445-HXXGF,0,0.11009174311926606
3935,5539-TMZLF,1,0.904
3934,5539-HIVAK,0,0.11009174311926606
3483,4933-BSAIP,0,0.011075949367088608
1218,1796-JANOW,0,0.27450980392156865
6032,8544-GOQSH,1,0.6914600550964187
3125,4482-FTFFX,0,0.25
2100,3011-WQKSZ,0,0.015228426395939087
2428,3473-XIIIT,0,0.45233265720081134
5284,7459-RRWQZ,0,0.25
4133,5845-BZZIB,0,0.011075949367088608
657,0961-ZWLVI,0,0.21153846153846154
6897,9795-VOWON,0,0.25
4492,6339-TBELP,0,0.07111111111111111
1765,2580-ATZSQ,0,0.11009174311926606
1904,2773-OVBPK,0,0.07111111111111111
749,1094-BKOSX,0,0.11009174311926606
603,0883-EIBTI,0,0.27450980392156865
987,1431-AIDJQ,0,0.011075949367088608
5789,8149-RSOUN,1,0.904
6101,8640-SDGKB,0,0.25
2925,4177-JPDFU,0,0.25
5572,7851-WZEKY,1,0.6914600550964187
992,1442-BQPVU,0,0.25
2472,3537-RYBHH,0,0.11009174311926606
1121,1636-NTNCO,0,0.25
1044,1518-VOWAV,0,0.25
1246,1845-CSBRZ,0,0.45233265720081134
1667,2430-RRYUW,0,0.11009174311926606
6262,8861-HGGKB,1,0.6914600550964187
1981,2866-IKBTM,0,0.27450980392156865
1971,2853-CWQFQ,1,0.5517241379310345
2921,4163-NCJAK,0,0.015228426395939087
4060,5724-BIDBU,0,0.11009174311926606
2541,3638-WEABW,0,0.011075949367088608
1468,2169-RRLFW,0,0.011075949367088608
4229,5968-HYJRZ,0,0.011075949367088608
1513,2223-KAGMX,0,0.05921052631578947
3463,4909-JOUPP,0,0.07111111111111111
4366,6161-ERDGD,0,0.11009174311926606
1029,1488-PBLJN,0,0.07111111111111111
6654,9469-WEJBT,0,0.45233265720081134
2093,3002-WQZWT,0,0.45233265720081134
3341,4760-THGOT,0,0.45233265720081134
4070,5743-KHMNA,0,0.011075949367088608
3152,4523-WXCEF,0,0.21921921921921922
3371,4804-NCPET,0,0.011075949367088608
6357,8999-BOHSE,1,0.6914600550964187
3447,4884-TVUQF,0,0.07111111111111111
127,0220-EBGCE,1,0.6914600550964187
3460,4905-JEFDW,0,0.25
5132,7225-IILWY,0,0.011075949367088608
2529,3621-CEOVK,1,0.6914600550964187
667,0975-UYDTX,0,0.11009174311926606
3505,4962-CHQPW,0,0.015228426395939087
4109,5811-IWXYM,0,0.21921921921921922
2721,3871-IKPYH,1,0.904
5526,7781-EWARA,0,0.11009174311926606
5304,7493-TPUWZ,1,0.904
5981,8434-PNQZX,0,0.011075949367088608
2034,2929-QNSRW,0,0.21921921921921922
4008,5650-YLIBA,0,0.45233265720081134
805,1173-NOEYG,0,0.45233265720081134
3575,5066-GFJMM,0,0.27450980392156865
3967,5583-SXDAG,1,0.904
406,0603-TPMIB,0,0.011075949367088608
6076,8612-GXIDD,0,0.25
3982,5609-IMCGG,1,0.6914600550964187
6927,9828-AOQLM,1,0.5517241379310345
1278,1898-JSNDC,0,0.11009174311926606
3600,5110-CHOPY,0,0.011075949367088608
3576,5067-DGXLL,0,0.27450980392156865
2476,3544-FBCAS,0,0.011075949367088608
2317,3317-HRTNN,0,0.25
6937,9840-DVNDC,1,0.6914600550964187
2372,3398-GCPMU,0,0.10810810810810811
1332,1982-FEBTD,0,0.011075949367088608
5261,7410-KTVFV,0,0.11009174311926606
1518,2229-DPMBI,0,0.05921052631578947
3915,5512-IDZEI,0,0.11009174311926606
2004,2890-WFBHU,0,0.11009174311926606
1994,2880-FPNAE,1,0.6914600550964187
380,0564-MUUQK,0,0.45233265720081134
6580,9357-UJRUN,0,0.11009174311926606
891,1301-LOPVR,0,0.11009174311926606
3883,5457-COLHT,0,0.011075949367088608
2437,3489-HHPFY,1,0.6914600550964187
5202,7319-ZNRTR,0,0.015228426395939087
1644,2387-KDZQY,0,0.015228426395939087
6856,9741-YLNTD,1,0.6914600550964187
2315,3315-TOTBP,1,0.6914600550964187
1658,2408-TZMJL,0,0.21921921921921922
578,0848-ZGQIJ,0,0.45233265720081134
6149,8711-LOBKY,0,0.011075949367088608
99,0177-PXBAT,0,0.45233265720081134
2884,4112-LUEIZ,1,0.6914600550964187
3705,5214-CHIWJ,0,0.015228426395939087
3815,5365-LLFYV,1,0.5517241379310345
4345,6128-CZOMY,1,0.5517241379310345
5069,7129-AZJDE,0,0.21153846153846154
1816,2651-ZCBXV,0,0.07111111111111111
4017,5663-QBGIS,0,0.07111111111111111
2739,3896-ZVNET,0,0.011075949367088608
3615,5129-JLPIS,0,0.45233265720081134
3156,4526-RMTLL,0,0.25
3490,4945-RVMTE,0,0.11009174311926606
5407,7619-ODSGN,0,0.11009174311926606
405,0603-OLQDC,0,0.25
2867,4086-ATNFV,0,0.11009174311926606
6642,9444-JTXHZ,1,0.904
341,0506-YLVKJ,0,0.011075949367088608
6304,8917-SZTTJ,0,0.011075949367088608
5813,8183-ONMXC,1,0.6914600550964187
2664,3785-NRHYR,0,0.27450980392156865
2943,4194-WHFCB,0,0.21921921921921922
1883,2731-GJRDG,0,0.21153846153846154
3997,5640-CAXOA,0,0.11009174311926606
4258,5996-NRVXR,0,0.21153846153846154
6562,9327-QSDED,0,0.25
3374,4806-KEXQR,1,0.6914600550964187
5294,7473-ZBDSN,0,0.05921052631578947
5450,7668-XCFYV,0,0.45233265720081134
870,1264-FUHCX,0,0.11009174311926606
6251,8847-GEOOQ,0,0.11009174311926606
769,1120-BMWUB,0,0.11009174311926606
1482,2189-WWOEW,1,0.6914600550964187
3437,4873-ILOLJ,0,0.45233265720081134
2519,3597-YASZG,0,0.07111111111111111
6647,9450-TRJUU,0,0.45233265720081134
6982,9909-IDLEK,0,0.45233265720081134
1962,2842-BCQGE,0,0.45233265720081134
5093,7156-MXBJE,0,0.11009174311926606
4293,6048-NJXHX,0,0.011075949367088608
1386,2054-PJOCK,0,0.11009174311926606
6188,8752-IMQOS,0,0.05921052631578947
3980,5606-AMZBO,1,0.6914600550964187
1544,2253-KPMNB,0,0.011075949367088608
6819,9685-WKZGT,1,0.6914600550964187
1552,2265-CYWIV,1,0.6914600550964187
1487,2193-SFWQW,0,0.07111111111111111
2264,3235-ETOOB,1,0.6914600550964187
4575,6457-GIRWB,1,0.904
4049,5702-KVQRD,0,0.011075949367088608
4283,6032-KRXXO,0,0.45233265720081134
2139,3070-DVEYC,0,0.4657534246575342
1428,2105-PHWON,0,0.45233265720081134
3959,5570-PTWEH,1,0.6914600550964187
3531,5012-YSPJJ,0,0.11009174311926606
6541,9286-BHDQG,0,0.011075949367088608
5475,7706-YLMQA,0,0.015228426395939087
2072,2982-VPSGI,1,0.6914600550964187
5738,8073-IJDCM,0,0.27450980392156865
6979,9906-NHHVC,0,0.10810810810810811
5707,8041-TMEID,0,0.07111111111111111
2394,3422-WJOYD,0,0.11009174311926606
771,1122-JWTJW,1,0.904
1368,2030-BTZRO,0,0.05921052631578947
14,0019-GFNTW,0,0.011075949367088608
2038,2931-VUVJN,0,0.21921921921921922
1605,2335-GSODA,0,0.011075949367088608
5847,8221-HVAYI,0,0.011075949367088608
5187,7297-DVYGA,0,0.015228426395939087
4636,6543-CPZMK,0,0.25
2013,2904-GGUAZ,0,0.07111111111111111
1419,2088-IEBAU,0,0.011075949367088608
246,0375-HVGXO,1,0.5517241379310345
4158,5879-SESNB,1,0.6914600550964187
3363,4797-AXPXK,1,0.5517241379310345
5330,7527-QNRUS,0,0.011075949367088608
2900,4132-KALRO,1,0.6914600550964187
2278,3256-EZDBI,0,0.11009174311926606
6027,8532-UEFWH,0,0.011075949367088608
6031,8543-MSDMF,1,0.5517241379310345
6971,9894-EZEWG,1,0.904
2750,3913-FCUUW,0,0.011075949367088608
2070,2979-SXESE,0,0.45233265720081134
5183,7293-LSCDV,0,0.011075949367088608
5435,7649-PHJVR,0,0.05921052631578947
3863,5440-VHLUL,0,0.21921921921921922
66,0112-QAWRZ,0,0.45233265720081134
4425,6240-EURKS,0,0.11009174311926606
6760,9600-NAXZN,0,0.45233265720081134
2848,4063-EIKNQ,0,0.25
4559,6425-YQLLO,0,0.21921921921921922
5085,7142-HVGBG,0,0.45233265720081134
4233,5973-EJGDP,0,0.21921921921921922
3319,4726-DLWQN,0,0.11009174311926606
1780,2604-IJPDU,0,0.45233265720081134
1504,2208-NQBCT,0,0.45233265720081134
3638,5149-CUZUJ,0,0.21153846153846154
1354,2014-MKGMH,0,0.21153846153846154
464,0679-IDSTG,1,0.904
1749,2550-AEVRU,0,0.11009174311926606
3564,5052-PNLOS,1,0.6914600550964187
6373,9029-FEGVJ,0,0.45233265720081134
2636,3750-CKVKH,1,0.904
136,0229-LFJAF,0,0.011075949367088608
6594,9371-BITHB,0,0.011075949367088608
6192,8756-RDDLT,0,0.11009174311926606
426,0623-EJQEG,0,0.21921921921921922
4027,5678-VFNEQ,0,0.21921921921921922
469,0685-MLYYM,0,0.4657534246575342
5740,8076-FEZKJ,0,0.05921052631578947
4250,5993-BQHEA,0,0.05921052631578947
3345,4767-HZZHQ,0,0.45233265720081134
956,1389-CXMLU,1,0.6914600550964187
2727,3882-IYOIJ,0,0.07111111111111111
975,1409-PHXTF,0,0.07111111111111111
3732,5248-RPYWW,0,0.10810810810810811
5668,7993-NQLJE,1,0.6914600550964187
4198,5928-QLDHB,1,0.6914600550964187
3039,4351-QLCSU,1,0.5517241379310345
817,1194-SPVSP,0,0.27450980392156865
6795,9643-YBLUR,0,0.25
1741,2533-TIBIX,0,0.25
5106,7176-WIONM,0,0.25
6683,9499-XPZXM,0,0.011075949367088608
3185,4566-NECEV,1,0.6914600550964187
3728,5243-SAOTC,0,0.21921921921921922
6995,9927-DSWDF,0,0.45233265720081134
2509,3585-YNADK,0,0.11009174311926606
6949,9853-JFZDU,0,0.11009174311926606
3072,4395-PZMSN,1,0.6914600550964187
3278,4685-ERGHK,0,0.21921921921921922
1573,2292-XQWSV,0,0.11009174311926606
3952,5566-SOEZD,0,0.21153846153846154
4141,5854-KSRBJ,0,0.011075949367088608
2429,3474-BAFSJ,0,0.011075949367088608
1758,2569-WGERO,0,0.011075949367088608
6050,8571-ZCMCX,0,0.011075949367088608
3003,4299-OPXEJ,0,0.011075949367088608
2725,3877-JRJIP,1,0.5517241379310345
759,1101-SSWAG,0,0.25
6081,8621-MNIHH,0,0.45233265720081134
4730,6661-EIPZC,0,0.11009174311926606
4023,5671-UUNXD,0,0.21921921921921922
195,0310-SUCIN,0,0.11009174311926606
989,1432-FPAXX,0,0.11009174311926606
212,0327-WFZSY,0,0.21153846153846154
4143,5857-TYBCJ,0,0.45233265720081134
6596,9373-WSLOY,0,0.11009174311926606
1930,2805-EDJPQ,0,0.21921921921921922
216,0330-IVZHA,0,0.4657534246575342
5647,7964-VEXDG,0,0.45233265720081134
2870,4088-YLDSU,0,0.21921921921921922
5102,7168-HDQHG,0,0.015228426395939087
2205,3161-GETRM,0,0.45233265720081134
6975,9897-KXHCM,1,0.6914600550964187
5659,7976-CICYS,0,0.05921052631578947
27,0040-HALCW,0,0.011075949367088608
3296,4702-IOQDC,1,0.904
930,1349-WXNGG,0,0.27450980392156865
6206,8778-LMWTJ,1,0.6914600550964187
4284,6034-YMTOB,1,0.6914600550964187
658,0962-CQPWQ,0,0.011075949367088608
5471,7696-CFTAT,0,0.011075949367088608
5127,7216-KAOID,0,0.015228426395939087
821,1200-TUZHR,1,0.6914600550964187
4753,6692-YQHXC,0,0.45233265720081134
2200,3154-CFSZG,0,0.45233265720081134
2280,3258-SYSWS,0,0.07111111111111111
6001,8467-WYNSR,0,0.11009174311926606
1442,2126-GSEGL,0,0.011075949367088608
4055,5712-AHQNN,0,0.45233265720081134
1452,2144-BFDSO,0,0.21921921921921922
2773,3948-FVVRP,0,0.25
6087,8626-PTQGE,0,0.011075949367088608
322,0480-KYJVA,0,0.011075949367088608
5426,7638-QVMVY,1,0.6914600550964187
2204,3160-TYXLT,0,0.11009174311926606
2946,4195-SMMNX,0,0.27450980392156865
3454,4896-CPRPF,0,0.011075949367088608
81,0130-SXOUN,0,0.21921921921921922
4700,6625-FLENO,0,0.011075949367088608
3973,5598-IKHQQ,0,0.011075949367088608
1597,2324-EFHVG,0,0.07111111111111111
5289,7470-DYNOE,0,0.11009174311926606
6431,9103-TCIHJ,0,0.25
6190,8755-IWJHN,0,0.21921921921921922
288,0423-UDIJQ,0,0.25
6295,8905-IAZPF,0,0.21921921921921922
4712,6637-KYRCV,0,0.25
185,0301-KOBTQ,0,0.011075949367088608
2043,2946-KIQSP,0,0.11009174311926606
4783,6728-VOIFY,0,0.21921921921921922
1446,2135-RXIHG,1,0.5517241379310345
5805,8173-RXAYP,0,0.011075949367088608
5889,8280-MQRQN,1,0.5517241379310345
3252,4652-ODEVH,0,0.011075949367088608
6577,9351-LZYGF,0,0.11009174311926606
4877,6870-ZWMNX,0,0.011075949367088608
820,1197-BVMVG,1,0.6914600550964187
5122,7206-PQBBZ,0,0.4657534246575342
1853,2690-DVRVK,0,0.05921052631578947
2491,3566-VVORZ,0,0.25
2249,3212-KXOCR,0,0.011075949367088608
5180,7284-ZZLOH,0,0.011075949367088608
5429,7639-SUPCW,0,0.11009174311926606
3403,4827-DPADN,0,0.011075949367088608
56,0096-FCPUF,0,0.11009174311926606
3961,5574-NXZIU,0,0.07111111111111111
421,0621-CXBKL,0,0.011075949367088608
1616,2357-COQEK,0,0.45233265720081134
518,0754-EEBDC,0,0.05921052631578947
2675,3798-EPWRR,1,0.5517241379310345
5927,8347-GDTMP,0,0.011075949367088608
2641,3753-TSEMP,1,0.6914600550964187
517,0750-EKNGL,0,0.05921052631578947
3497,4952-YSOGZ,1,0.6914600550964187
324,0484-FFVBJ,0,0.11009174311926606
2520,3604-WLABM,0,0.25
4286,6035-BXTTY,0,0.11009174311926606
3279,4685-TFLLS,0,0.015228426395939087
4002,5647-URDKA,0,0.05921052631578947
4982,7009-LGECI,0,0.25
3548,5027-YOCXN,0,0.21921921921921922
4097,5792-JALQC,0,0.10810810810810811
3826,5378-IKEEG,1,0.5517241379310345
3639,5149-QYTTU,0,0.21921921921921922
5595,7876-DNYAP,0,0.011075949367088608
1355,2017-CCBLH,0,0.05921052631578947
6726,9552-TGUZV,1,0.6914600550964187
4342,6127-ISGTU,0,0.45233265720081134
1651,2400-FEQME,0,0.011075949367088608
1131,1658-XUHBX,0,0.21921921921921922
6714,9537-JALFH,0,0.011075949367088608
6426,9101-BWFSS,0,0.21921921921921922
2336,3345-PBBFH,0,0.25
4967,6990-YNRIO,0,0.07111111111111111
449,0661-KQHNK,0,0.05921052631578947
4973,6994-KERXL,0,0.25
3824,5376-PCKNB,0,0.21921921921921922
4297,6050-IJRHS,0,0.21921921921921922
5488,7722-VJRQD,0,0.011075949367088608
2659,3778-FOAQW,0,0.015228426395939087
624,0916-QOFDP,1,0.6914600550964187
5837,8212-CRQXP,0,0.45233265720081134
6305,8919-FYFQZ,0,0.11009174311926606
2326,3325-FUYCG,0,0.21153846153846154
6587,9364-YKUVW,0,0.05921052631578947
1262,1866-OBPNR,1,0.904
6047,8565-WUXZU,0,0.07111111111111111
6740,9572-MTILT,0,0.21921921921921922
1113,1625-JAIIY,0,0.21921921921921922
2121,3049-SOLAY,1,0.6914600550964187
2298,3283-WCWXT,0,0.25
3108,4455-BFSPD,0,0.21921921921921922
3175,4550-VBOFE,0,0.21921921921921922
5455,7673-LPRNY,0,0.11009174311926606
3067,4391-LNRXK,0,0.45233265720081134
1614,2351-BKRZW,0,0.011075949367088608
5935,8364-TRMMK,1,0.5517241379310345
2528,3620-MWJNE,1,0.5517241379310345
5365,7576-JMYWV,0,0.45233265720081134
1532,2239-CGBUZ,0,0.11009174311926606
5439,7658-UYUQS,0,0.45233265720081134
6002,8468-EHYJA,0,0.21921921921921922
1108,1621-YNCJH,0,0.45233265720081134
5810,8181-YHCMF,0,0.011075949367088608
269,0397-ZXWQF,0,0.011075949367088608
2575,3679-XASPY,0,0.27450980392156865
1878,2724-FJDYW,0,0.11009174311926606
5540,7801-CEDNV,0,0.11009174311926606
6462,9142-XMYJH,0,0.015228426395939087
4862,6854-EXGSF,0,0.25
3426,4854-CIDCF,0,0.4657534246575342
6715,9537-VHDTA,1,0.5517241379310345
5056,7109-CQYUZ,0,0.011075949367088608
3517,4987-GQWPO,0,0.11009174311926606
6839,9714-EDSUC,1,0.6914600550964187
5023,7056-IMHCC,0,0.21921921921921922
5771,8118-LSUEL,0,0.45233265720081134
2666,3787-TRIAL,0,0.11009174311926606
1706,2482-CZGBB,0,0.4657534246575342
2480,3549-ZTMNH,0,0.25
1025,1480-IVEVR,0,0.21153846153846154
3723,5236-PERKL,0,0.07111111111111111
3567,5055-MGMGF,0,0.21921921921921922
1797,2625-TRCZQ,0,0.11009174311926606
5980,8433-WXGNA,1,0.6914600550964187
7001,9933-QRGTX,0,0.07111111111111111
1730,2519-TWKFS,0,0.11009174311926606
3788,5327-CNLUQ,0,0.45233265720081134
5206,7321-ZNSLA,0,0.25
5832,8205-OTCHB,0,0.11009174311926606
5957,8399-YNDCH,0,0.11009174311926606
6415,9086-YJYXS,0,0.11009174311926606
1834,2672-OJQZP,1,0.5517241379310345
2386,3413-DHLPB,0,0.21921921921921922
452,0665-XHDJU,0,0.07111111111111111
1391,2057-BOYKM,0,0.07111111111111111
4182,5914-DVBWJ,0,0.45233265720081134
5015,7048-GXDAY,0,0.45233265720081134
5157,7251-LJBQN,0,0.21153846153846154
6183,8749-JMNKX,0,0.21921921921921922
101,0178-SZBHO,0,0.45233265720081134
461,0674-GCDXG,0,0.011075949367088608
2983,4277-BWBML,0,0.011075949367088608
414,0616-ATFGB,1,0.5517241379310345
3186,4566-QVRRW,0,0.25
6248,8840-DQLGN,0,0.45233265720081134
4186,5915-DGNVC,0,0.11009174311926606
1670,2433-KMEAS,0,0.11009174311926606
3036,4343-EJVQB,1,0.6914600550964187
4779,6726-WEXXK,0,0.21153846153846154
6199,8773-HHUOZ,0,0.11009174311926606
5600,7881-EVUAD,1,0.5517241379310345
4344,6128-AQBMT,0,0.11009174311926606
5076,7134-HBPBS,0,0.07111111111111111
5861,8237-ULIXL,0,0.011075949367088608
4959,6981-TDRFT,0,0.11009174311926606
3683,5195-KPUNQ,0,0.21921921921921922
6850,9732-KPKBW,1,0.5517241379310345
1591,2320-TZRRH,0,0.015228426395939087
3848,5404-GGUKR,0,0.25
6132,8685-WHQPW,0,0.45233265720081134
1037,1498-NHTLT,0,0.011075949367088608
292,0430-IHCDJ,0,0.25
6821,9689-PTNPG,1,0.6914600550964187
5505,7752-XUSCI,0,0.21921921921921922
3246,4644-PIZRT,0,0.11009174311926606
4461,6288-LBEAR,0,0.45233265720081134
5458,7677-SJJJK,0,0.05921052631578947
5381,7595-EUIVN,1,0.904
846,1227-UDMZR,0,0.011075949367088608
4325,6101-IMRMM,1,0.6914600550964187
446,0655-YDGFJ,0,0.11009174311926606
4452,6278-FEPBZ,0,0.05921052631578947
161,0263-FJTQO,0,0.011075949367088608
4473,6308-CQRBU,0,0.07111111111111111
5825,8200-KLNYW,0,0.11009174311926606
3331,4745-LSPLO,0,0.27450980392156865
4666,6583-QGCSI,0,0.21921921921921922
4624,6518-PPLMZ,0,0.011075949367088608
814,1193-RTSLK,0,0.45233265720081134
6827,9699-UBQFS,0,0.45233265720081134
890,1299-AURJA,0,0.011075949367088608
2982,4274-OWWYO,1,0.904
3462,4908-XAXAY,0,0.21153846153846154
4579,6461-SZMCV,0,0.011075949367088608
4713,6641-XRPSU,0,0.45233265720081134
4635,6542-LWGXJ,1,0.5517241379310345
6292,8903-WMRNW,1,0.6914600550964187
3776,5312-UXESG,0,0.45233265720081134
2294,3279-DYZQM,0,0.011075949367088608
3896,5480-XTFFL,0,0.011075949367088608
3448,4884-ZTHVF,1,0.6914600550964187
2119,3045-XETSH,1,0.6914600550964187
3210,4603-JANFB,1,0.904
6075,8610-ZIKJJ,0,0.27450980392156865
4735,6670-MFRPK,0,0.07111111111111111
4212,5948-UJZLF,1,0.5517241379310345
2160,3094-JOJAI,0,0.45233265720081134
4935,6952-OMNWB,0,0.21921921921921922
1048,1530-ZTDOZ,0,0.11009174311926606
1307,1937-OTUKY,0,0.07111111111111111
5211,7328-ZJAJO,0,0.011075949367088608
4374,6169-PGNCD,0,0.011075949367088608
5887,8276-MQBYC,0,0.21921921921921922
5234,7369-TRPFD,0,0.015228426395939087
3737,5261-QSHQM,0,0.25
1234,1832-PEUTS,0,0.07111111111111111
1279,1899-VXWXM,0,0.21153846153846154
2281,3258-ZKPAI,0,0.07111111111111111
2536,3633-CDBUW,0,0.11009174311926606
3718,5229-PRWKT,1,0.6914600550964187
